tree,Low,High
1,58.333333333333336,130.5
2,51,169
3,52,125.5
4,47,176.2
5,53.333333333333336,154.5
