size,tree,mean_cir
Low,1,58.333333333333336
Low,2,51
Low,3,52
Low,4,47
Low,5,53.333333333333336
High,1,130.5
High,2,169
High,3,125.5
High,4,176.2
High,5,154.5
